"events.results.id","events.results.name","events.results.timezone","events.results.tickets_url","events.results.tickets_by","events.results.primary_organizer_id","events.results.num_children","events.results.parent_url","events.results.hide_end_date","events.results.start_date","events.results.end_time","events.results._type","events.results.end_date","events.results.eventbrite_event_id","events.results.start_time","events.results.full_description","events.results.image_id","events.results.is_protected_event","events.results.is_cancelled","events.results.primary_venue_id","events.results.checkout_flow","events.results.series_id","events.results.language","events.results.url","events.results.hide_start_date","events.results.summary","events.results.is_online_event","events.results.eid","events.results.published","events.results.image.id","events.results.image.edge_color_set","events.results.image.edge_color","events.results.image.url","events.results.image.crop_mask","events.results.image.aspect_ratio","events.results.image.focal_point.y","events.results.image.focal_point.x","events.results.image.original.url","events.results.image.original.width","events.results.image.original.height","events.results.saves.saved_by_you","events.results.event_sales_status.default_message","events.results.event_sales_status.sales_status","events.results.event_sales_status.currency","events.results.event_sales_status.message_code","events.results.event_sales_status.message","events.results.event_sales_status.message_type","events.results.event_sales_status.start_sales_date.timezone","events.results.event_sales_status.start_sales_date.local","events.results.event_sales_status.start_sales_date.utc","events.results.event_sales_status.end_sales_date.timezone","events.results.event_sales_status.end_sales_date.local","events.results.event_sales_status.end_sales_date.utc","events.results.urgency_signals.messages[0]","events.results.dedup.count","events.results.dedup.hash","events.results.public_collections.creator_collections.object_count","events.results.ticket_availability.is_free","events.results.ticket_availability.has_bogo_tickets","events.results.ticket_availability.has_available_tickets","events.results.ticket_availability.is_sold_out","events.results.ticket_availability.maximum_ticket_price.currency","events.results.ticket_availability.maximum_ticket_price.major_value","events.results.ticket_availability.maximum_ticket_price.value","events.results.ticket_availability.maximum_ticket_price.display","events.results.ticket_availability.minimum_ticket_price.currency","events.results.ticket_availability.minimum_ticket_price.major_value","events.results.ticket_availability.minimum_ticket_price.value","events.results.ticket_availability.minimum_ticket_price.display","events.results.primary_venue.id","events.results.primary_venue.name","events.results.primary_venue._type","events.results.primary_venue.venue_profile_id","events.results.primary_venue.venue_profile_url","events.results.primary_venue.address.city","events.results.primary_venue.address.country","events.results.primary_venue.address.region","events.results.primary_venue.address.longitude","events.results.primary_venue.address.localized_address_display","events.results.primary_venue.address.postal_code","events.results.primary_venue.address.address_1","events.results.primary_venue.address.address_2","events.results.primary_venue.address.latitude","events.results.primary_venue.address.localized_area_display","events.results.primary_venue.address.localized_multi_line_address_display[0]","events.results.primary_organizer.id","events.results.primary_organizer.name","events.results.primary_organizer._type","events.results.primary_organizer.num_upcoming_events","events.results.primary_organizer.profile_type","events.results.primary_organizer.num_followers","events.results.primary_organizer.url","events.results.primary_organizer.twitter","events.results.primary_organizer.summary","events.results.primary_organizer.num_saves","events.results.primary_organizer.image_id","events.results.primary_organizer.followed_by_you","events.results.primary_organizer.facebook","events.results.primary_organizer.num_collections","events.results.primary_organizer.website_url","events.results.primary_organizer.num_following","events.results.tags[0].prefix","events.results.tags[0].tag","events.results.tags[0].display_name","events.results.tags[0].localized.display_name","events.results.tags[0]._type","events.results.image.focal_point","events.results.image.crop_mask.width","events.results.image.crop_mask.height","events.results.image.crop_mask.top_left.y","events.results.image.crop_mask.top_left.x","events.results.public_collections.creator_collections.collections[0].id","events.results.public_collections.creator_collections.collections[0].name","events.results.public_collections.creator_collections.collections[0].status","events.results.public_collections.creator_collections.collections[0]._type","events.results.public_collections.creator_collections.collections[0].relative_url","events.results.public_collections.creator_collections.collections[0].is_autocreated","events.results.public_collections.creator_collections.collections[0].absolute_url","events.results.public_collections.creator_collections.collections[0].summary","events.results.public_collections.creator_collections.collections[0].organization_id","events.results.public_collections.creator_collections.collections[0].image_id","events.results.public_collections.creator_collections.collections[0].organizer_id","events.results.public_collections.creator_collections.collections[0].type","events.results.public_collections.creator_collections.collections[0].slug","events.results.public_collections.creator_collections.collections[0].is_private","events.results.public_collections.creator_collections.collections[0].event_ids[0]","events.results.urgency_signals.categories[0]","events.results.ticket_availability.maximum_ticket_price","events.results.ticket_availability.minimum_ticket_price","events.pagination.object_count","events.pagination.page_count","events.pagination.page_number","events.pagination.page_size","events.pagination.continuation","current_user_id","is_staff","search_id","event_search.online_events_only","event_search.dates","event_search.dedup","event_search.page_size","event_search.page","suggested_categories[0].id","suggested_categories[0].name","suggested_categories[0].type"
"1258060455689","40th Anniversary - SPE France Section","Europe/Paris","https://www.eventbrite.com/checkout-external?eid=1258060455689","Eventbrite","107582918511","1","","False","2025-03-20","22:00","destination_event","2025-03-20","1258060455689","17:00","","964298433","False","","257344663","widget","","fr-fr","https://www.eventbrite.fr/e/billets-40th-anniversary-spe-france-section-1258060455689","False","We are celebrating 40 years of the SPE France Section with a special in-person event!","False","1258060455689","2025-02-24T14:02:02Z","964298433","True","#303552","https://img.evbuc.com/https%3A%2F%2Fcdn.evbuc.com%2Fimages%2F964298433%2F2550922947291%2F1%2Foriginal.20250219-134351?crop=focalpoint&fit=crop&w=512&auto=format%2Ccompress&q=75&sharp=10&fp-x=0.498176070039&fp-y=0.496757447951&s=1cf9f852bbdf281911087806970b5645","","1","0.496757447951","0.498176070039","https://img.evbuc.com/https%3A%2F%2Fcdn.evbuc.com%2Fimages%2F964298433%2F2550922947291%2F1%2Foriginal.20250219-134351?auto=format%2Ccompress&q=75&sharp=10&s=2a9778582f98277b7949b61f36986e6c","1080","1080","False","","on_sale","EUR","","","","Europe/Paris","2025-02-23T00:00:00","2025-02-22T23:00:00Z","Europe/Paris","2025-03-20T16:00:00","2025-03-20T15:00:00Z","salesEndSoon","1","bca0e6df03ea7585943e6745c2f37fda","0","False","False","True","False","EUR","110.00","11000","110.00 EUR","EUR","50.00","5000","50.00 EUR","257344663","Musée des Arts et Métiers","destination_venue","","","Paris","FR","Île-de-France","2.3556152","60 Rue Réaumur, 75003 Paris","75003","60 Rue Réaumur","","48.8660399","Paris","60 Rue Réaumur","107582918511","SPE France Section","destination_profile","","organizer","5","https://www.eventbrite.fr/o/spe-france-section-107582918511","","","","964311383","False","","","http://www.spefrance.org","","EventbriteSubCategory","EventbriteSubCategory/1006","Non Profit & NGOs","","","","","","","","","","","","","","","","","","","","","","","","","","419","21","2","20","eyJwYWdlIjozfQ","","False","2948ac7a03f911f0b06b5efd4c30bac2","False","current_future","True","20","2","Destination/nightlife","nightlife","category"
"1259487744749","Afterwork Women in Product","Europe/Paris","https://www.eventbrite.com/checkout-external?eid=1259487744749","Eventbrite","81091402963","1","","False","2025-03-25","21:00","destination_event","2025-03-25","1259487744749","18:30","","968887243","False","","257584413","widget","","fr-fr","https://www.eventbrite.com/e/billets-afterwork-women-in-product-1259487744749","False","Join us for a chill evening with badass women in product management, networking, and sharing stories over drinks after work!","False","1259487744749","2025-02-25T14:19:08Z","968887243","True","#014d64","https://img.evbuc.com/https%3A%2F%2Fcdn.evbuc.com%2Fimages%2F968887243%2F2114183387853%2F1%2Foriginal.20250225-140820?crop=focalpoint&fit=crop&w=512&auto=format%2Ccompress&q=75&sharp=10&fp-x=0.0246212121212&fp-y=0.464552238806&s=59cc0d46ca71fe99bd382939ea9c5455","","2","0.464552238806","0.0246212121212","https://img.evbuc.com/https%3A%2F%2Fcdn.evbuc.com%2Fimages%2F968887243%2F2114183387853%2F1%2Foriginal.20250225-140820?auto=format%2Ccompress&q=75&sharp=10&s=9982fddfc89913dc4e36c73f68787e9f","2160","1080","False","","on_sale","EUR","","","","Europe/Paris","2025-02-25T15:06:00","2025-02-25T14:06:00Z","Europe/Paris","2025-03-25T17:30:00","2025-03-25T16:30:00Z","fewTickets","1","d546a956f6b8ec8758394555875dd101","0","False","False","True","False","EUR","8.66","866","8.66 EUR","EUR","8.66","866","8.66 EUR","257584413","Le Ciel de Marcel","destination_venue","","","Paris","FR","IDF","2.3492847","17 Rue Étienne Marcel, 75001 Paris","75001","17 Rue Étienne Marcel","","48.8636107","Paris","17 Rue Étienne Marcel","81091402963","Paris Chapter Women In Product Community","destination_profile","","organizer","82","https://www.eventbrite.com/o/paris-chapter-women-in-product-community-81091402963","","","","723594829","False","","","","","EventbriteSubCategory","EventbriteSubCategory/1010","Career","","","","","","","","","","","","","","","","","","","","","","","","","","419","21","2","20","eyJwYWdlIjozfQ","","False","2948ac7a03f911f0b06b5efd4c30bac2","False","current_future","True","20","2","Destination/nightlife","nightlife","category"
"1214854335019","Club Aéro & Défense | Les enjeux du spatial Européen","Europe/Paris","https://www.eventbrite.com/checkout-external?eid=1214854335019","Eventbrite","2548974792","1","","False","2025-03-31","22:00","destination_event","2025-03-31","1214854335019","19:00","","939958183","False","","258033953","widget","","fr-fr","https://www.eventbrite.fr/e/billets-club-aero-defense-les-enjeux-du-spatial-europeen-1214854335019","False","Rencontre avec Monsieur Martin SION, Président Exécutif d'ArianeGroup","False","1214854335019","2025-01-20T13:42:16Z","939958183","True","#adafaf","https://img.evbuc.com/https%3A%2F%2Fcdn.evbuc.com%2Fimages%2F939958183%2F37538110190%2F1%2Foriginal.20250120-133542?w=480&auto=format%2Ccompress&q=75&sharp=10&rect=0%2C126%2C480%2C240&s=32c27d500fa43dc03af21877ba5d3dd1","","2","","","https://img.evbuc.com/https%3A%2F%2Fcdn.evbuc.com%2Fimages%2F939958183%2F37538110190%2F1%2Foriginal.20250120-133542?auto=format%2Ccompress&q=75&sharp=10&s=c128e6e2c8a13a106b64c45fca53fb9e","480","720","False","","on_sale","EUR","","","","Europe/Paris","2025-01-20T08:00:00","2025-01-20T07:00:00Z","Europe/Paris","2025-03-31T21:30:00","2025-03-31T19:30:00Z","goingFast","1","6f7ca8a509b12746602076b519f339bc","0","False","False","True","False","EUR","100.00","10000","100.00 EUR","EUR","75.00","7500","75.00 EUR","258033953","PwC France","destination_venue","","","Neuilly-sur-Seine","FR","IDF","2.2775934","63 Rue de Villiers, 92208 Neuilly-sur-Seine","92208","63 Rue de Villiers","","48.8918927","Neuilly-sur-Seine","63 Rue de Villiers","2548974792","INSEAD Alumni Association France","destination_profile","","organizer","2653","https://www.eventbrite.fr/o/insead-alumni-association-france-2548974792","IAAFrance","L’INSEAD Alumni Association France est l’une des 49 associations nationales INSEAD qui fédèrent plus de 60 000 Alumni dans le monde. Plus de 7000 Alumni résident et/ou travaillent en France. Organisat...","","92954837","False","INSEADAAF","","","","EventbriteSubCategory","EventbriteSubCategory/1001","Startups & Small Business","","","","480","240","126","0","","","","","","","","","","","","","","","","","","","419","21","2","20","eyJwYWdlIjozfQ","","False","2948ac7a03f911f0b06b5efd4c30bac2","False","current_future","True","20","2","Destination/nightlife","nightlife","category"
"953524496437","Paris Business, Tech & Entrepreneur Networking Soiree","Europe/Paris","https://www.eventbrite.com/checkout-external?eid=953524496437","Eventbrite","61867682333","1","","False","2025-05-05","20:00","destination_event","2025-05-05","953524496437","18:00","","461416249","False","","185280979","widget","","fr-fr","https://www.eventbrite.com/e/billets-paris-business-tech-entrepreneur-networking-soiree-953524496437","False","Paris Business, Tech & Entrepreneur Networking Soiree","False","953524496437","2024-07-23T14:30:31Z","461416249","True","#4bb1d8","https://img.evbuc.com/https%3A%2F%2Fcdn.evbuc.com%2Fimages%2F461416249%2F1427580114633%2F1%2Foriginal.20230306-031853?w=512&auto=format%2Ccompress&q=75&sharp=10&rect=0%2C0%2C820%2C410&s=fd6b2a95c863eda7e5d74e9379b079ed","","2","","","https://img.evbuc.com/https%3A%2F%2Fcdn.evbuc.com%2Fimages%2F461416249%2F1427580114633%2F1%2Foriginal.20230306-031853?auto=format%2Ccompress&q=75&sharp=10&s=1c28755c901ef5ce70acfb6057b23c55","820","462","False","","on_sale","USD","","","","Europe/Paris","2022-10-22T00:00:00","2022-10-21T22:00:00Z","Europe/Paris","2026-03-11T18:00:00","2026-03-11T17:00:00Z","fewTickets","1","f760e9c5e545f9804b9e139af3d7e044","0","False","False","True","False","USD","215.26","21526","215.26 USD","USD","0.00","0","0.00 USD","185280979","Tennessee - Paris","destination_venue","","","Paris","FR","paris","2.3390655","12 Rue André Mazet, 75006 Paris","75006","12 Rue André Mazet","","48.85377099999999","Paris","12 Rue André Mazet","61867682333","Progressive Entrepreneur","destination_profile","","organizer","2651","https://www.eventbrite.com/o/progressive-entrepreneur-61867682333","","","","","False","","","","","EventbriteSubCategory","EventbriteSubCategory/1001","Startups & Small Business","","","","820","410","0","0","","","","","","","","","","","","","","","","","","","419","21","2","20","eyJwYWdlIjozfQ","","False","2948ac7a03f911f0b06b5efd4c30bac2","False","current_future","True","20","2","Destination/nightlife","nightlife","category"
"1263928988629","Business Networking Entrepreneur","Europe/Paris","https://www.eventbrite.com/checkout-external?eid=1263928988629","Eventbrite","107942155691","1","","False","2025-03-21","22:00","destination_event","2025-03-21","1263928988629","19:30","","979306763","False","","259814493","widget","","en-us","https://www.eventbrite.com/e/business-networking-entrepreneur-tickets-1263928988629","False","Startups, Tech & IA, E-commerce, Marketing, Vente...","False","1263928988629","2025-02-28T13:45:40Z","979306763","True","#80868a","https://img.evbuc.com/https%3A%2F%2Fcdn.evbuc.com%2Fimages%2F979306763%2F2527670018261%2F1%2Foriginal.20250309-233156?w=300&auto=format%2Ccompress&q=75&sharp=10&s=c3c5fe49651c5491fcd9143a4f9494ac","","1.5","","","https://img.evbuc.com/https%3A%2F%2Fcdn.evbuc.com%2Fimages%2F979306763%2F2527670018261%2F1%2Foriginal.20250309-233156?auto=format%2Ccompress&q=75&sharp=10&s=9cfba5b0ea679d3df2b725c55b211dff","1378","919","False","","on_sale","EUR","","","","Europe/Paris","2025-02-28T00:00:00","2025-02-27T23:00:00Z","Europe/Paris","2025-03-20T19:30:00","2025-03-20T18:30:00Z","salesEndSoon","1","7b8f46c6c0a2f9a235a85b41ae4e1140","0","False","True","True","False","EUR","5.00","500","5.00 EUR","EUR","3.86","386","3.86 EUR","259814493","Bonnie","destination_venue","","","Paris","FR","IDF","2.3625138","10 Rue Agrippa d'Aubigné, 75004 Paris","75004","10 Rue Agrippa d'Aubigné","","48.8499783","Paris","10 Rue Agrippa d'Aubigné","107942155691","Musefigures","destination_profile","","organizer","29","https://www.eventbrite.com/o/musefigures-107942155691","","At Muse Figures, we don’t just organize events; we create unique experiences that blend networking, workshops, and business immersion. Our events bring together leaders, visionaries, artists, and infl...","","971446343","False","","","","","EventbriteSubCategory","EventbriteSubCategory/1001","Startups & Small Business","","","","","","","","","","","","","","","","","","","","","","","","","","419","21","2","20","eyJwYWdlIjozfQ","","False","2948ac7a03f911f0b06b5efd4c30bac2","False","current_future","True","20","2","Destination/nightlife","nightlife","category"
"1236064174219","Cercle Départemental en Seine-Saint-Denis","Europe/Paris","https://www.eventbrite.com/checkout-external?eid=1236064174219","Eventbrite","21680458250","1","","False","2025-03-20","14:30","destination_event","2025-03-20","1236064174219","12:00","","953341483","False","","254089653","widget","","fr-fr","https://www.eventbrite.fr/e/billets-cercle-departemental-en-seine-saint-denis-1236064174219","False","35 entrepreneur.e.s réuni.e.s pour un Big Bouge'UP !","False","1236064174219","2025-02-05T14:55:11Z","953341483","True","","https://img.evbuc.com/https%3A%2F%2Fcdn.evbuc.com%2Fimages%2F953341483%2F309258733797%2F1%2Foriginal.20250205-145336?w=512&auto=format%2Ccompress&q=75&sharp=10&rect=0%2C0%2C940%2C470&s=04b50c1e53122bd218d0f1848bb401da","","2","","","https://img.evbuc.com/https%3A%2F%2Fcdn.evbuc.com%2Fimages%2F953341483%2F309258733797%2F1%2Foriginal.20250205-145336?auto=format%2Ccompress&q=75&sharp=10&s=208f15d5b9c034e061de98bb84488428","940","470","False","","on_sale","EUR","","","","Europe/Paris","2024-12-26T14:00:00","2024-12-26T13:00:00Z","Europe/Paris","2025-03-21T03:30:00","2025-03-21T02:30:00Z","salesEndSoon","2","6ba16b0796025d80f023964a33906a3a","1","False","False","True","False","EUR","15.00","1500","15.00 EUR","EUR","15.00","1500","15.00 EUR","254089653","Grenoble Ecole de Management","destination_venue","","","Pantin","FR","IDF","2.417233099999999","183 Avenue Jean Lolive, 93500 Pantin","93500","183 Avenue Jean Lolive","","48.89424969999999","Pantin","183 Avenue Jean Lolive","21680458250","Bouge ta Boite","destination_profile","","organizer","5561","https://www.eventbrite.fr/o/bouge-ta-boite-21680458250","BougeTaBoite","","","","False","bougetaboitefdeb","","","","EventbriteSubCategory","EventbriteSubCategory/1001","Startups & Small Business","","","","940","470","0","0","3511959","Réunions Ile-de-France","live","event_group","/cc/reunions-ile-de-france-3511959","False","https://www.eventbrite.com/cc/reunions-ile-de-france-3511959","Découvrez l'expérience Bouge ta Boite en participant à nos réunions ouvertes à toutes et à tous !
Une occasion unique de réseauter et de découvrir la méthode Bouge ta Boite sur votre territoire","309258733797","823008319","21680458250","collection","reunions-ile-de-france","False","718486702067","","","","419","21","2","20","eyJwYWdlIjozfQ","","False","2948ac7a03f911f0b06b5efd4c30bac2","False","current_future","True","20","2","Destination/nightlife","nightlife","category"
"1238623469139","Human Reload","Europe/Paris","https://www.eventbrite.com/checkout-external?eid=1238623469139","Eventbrite","26488970859","1","","False","2025-03-24","18:15","destination_event","2025-03-24","1238623469139","08:45","","956919963","False","","254761623","widget","","fr-fr","https://www.eventbrite.fr/e/billets-human-reload-1238623469139","False","Une journée pour prendre une longueur d’avance sur le futur des RH !","False","1238623469139","2025-02-10T13:17:32Z","956919963","True","","https://img.evbuc.com/https%3A%2F%2Fcdn.evbuc.com%2Fimages%2F956919963%2F16756621987%2F1%2Foriginal.20250210-131632?w=512&auto=format%2Ccompress&q=75&sharp=10&rect=0%2C0%2C2160%2C1080&s=6057b5e6e8fb6cb0d202b48c2b86efca","","2","","","https://img.evbuc.com/https%3A%2F%2Fcdn.evbuc.com%2Fimages%2F956919963%2F16756621987%2F1%2Foriginal.20250210-131632?auto=format%2Ccompress&q=75&sharp=10&s=3ff0b6ddc271b4ed922e7564d1ab3225","2160","1080","False","","on_sale","EUR","","","","Europe/Paris","2024-12-10T16:16:00","2024-12-10T15:16:00Z","Europe/Paris","2025-03-23T07:45:00","2025-03-23T06:45:00Z","salesEndSoon","1","f9d5ae8be30907343ea2d6dfd1da02f1","0","False","False","True","False","EUR","1188.00","118800","1188.00 EUR","EUR","1188.00","118800","1188.00 EUR","254761623","Paris","destination_venue","","","Paris","FR","Île-de-France","2.3513765","Chateauform, 75000 Paris","75000","Chateauform","","48.8575475","Paris","Chateauform","26488970859","Kalaapa","destination_profile","","organizer","286","https://www.eventbrite.fr/o/kalaapa-26488970859","","L'agence Kalaapa met au cœur de ses expertises l’intelligence collective et accompagne ses clients en  marketing et communication en ressources humaines, sur des problématiques de culture d’entreprise...","","125613379","False","","","https://www.kalaapa.com","","EventbriteSubCategory","EventbriteSubCategory/1999","Other","","","","2160","1080","0","0","","","","","","","","","","","","","","","","","","","419","21","2","20","eyJwYWdlIjozfQ","","False","2948ac7a03f911f0b06b5efd4c30bac2","False","current_future","True","20","2","Destination/nightlife","nightlife","category"
"1250454566269","PARIS · BUSINESS SPEED NETWORKING   &  SHOOTING PHOTO PRO !","Europe/Paris","https://www.eventbrite.com/checkout-external?eid=1250454566269","Eventbrite","55660655173","1","","True","2025-03-27","22:00","destination_event","2025-03-27","1250454566269","19:30","","974800763","False","","255900953","widget","","fr-fr","https://www.eventbrite.fr/e/inscription-paris-business-speed-networking-shooting-photo-pro-1250454566269","False","Vous êtes chef.fe d'entreprise, dirigeant.e , coach, freelance, indépendant.e et vous voulez étendre votre réseau? Vous êtes au bon endroit!","False","1250454566269","2025-02-16T13:51:17Z","974800763","True","#8f8384","https://img.evbuc.com/https%3A%2F%2Fcdn.evbuc.com%2Fimages%2F974800763%2F552036887437%2F1%2Foriginal.20250304-150114?w=512&auto=format%2Ccompress&q=75&sharp=10&rect=0%2C76%2C2050%2C1025&s=efc9175c298636e65473c9f5fc263f32","","2","","","https://img.evbuc.com/https%3A%2F%2Fcdn.evbuc.com%2Fimages%2F974800763%2F552036887437%2F1%2Foriginal.20250304-150114?auto=format%2Ccompress&q=75&sharp=10&s=42b7ffee4ea70bb1ea92fc8acef8546b","2050","1350","False","","on_sale","EUR","","","","Europe/Paris","2025-02-16T07:00:00","2025-02-16T06:00:00Z","Europe/Paris","2025-03-27T23:30:00","2025-03-27T22:30:00Z","","1","e38b60f99d10ecfb13ee2fe9d5babdf2","0","False","False","True","False","EUR","20.00","2000","20.00 EUR","EUR","11.85","1185","11.85 EUR","255900953","Hôtel Belleval","destination_venue","","","Paris","FR","IDF","2.3220824","16 Rue de la Pépinière, 75008 Paris","75008","16 Rue de la Pépinière","","48.87520689999999","Paris","16 Rue de la Pépinière","55660655173","Nathalie VA","destination_profile","","organizer","71","https://www.eventbrite.fr/o/nathalie-va-55660655173","","Fondatrice de Talhiva Consulting, une agence qui accompagne les entreprises dans leur développement commercial à travers de stratégies gagnantes, aussi bien en France qu'à l'Internationale.L'évènement...","","784257239","False","","","https://www.talhiva.com/","","EventbriteSubCategory","EventbriteSubCategory/1001","Startups & Small Business","","","","2050","1025","76","0","","","","","","","","","","","","","","","","","","","419","21","2","20","eyJwYWdlIjozfQ","","False","2948ac7a03f911f0b06b5efd4c30bac2","False","current_future","True","20","2","Destination/nightlife","nightlife","category"
"1262329424289","Cercle Départemental en Val de Marne","Europe/Paris","https://www.eventbrite.com/checkout-external?eid=1262329424289","Eventbrite","21680458250","1","","False","2025-03-27","12:00","destination_event","2025-03-27","1262329424289","09:30","","970774233","False","","258002633","widget","","fr-fr","https://www.eventbrite.fr/e/billets-cercle-departemental-en-val-de-marne-1262329424289","False","35 entrepreneur.e.s réuni.e.s pour réseauter sur leur territoire !","False","1262329424289","2025-02-27T10:13:00Z","970774233","True","","https://img.evbuc.com/https%3A%2F%2Fcdn.evbuc.com%2Fimages%2F970774233%2F309258733797%2F1%2Foriginal.20250227-100859?w=512&auto=format%2Ccompress&q=75&sharp=10&rect=0%2C0%2C2820%2C1410&s=23aad1c0c80e3cbcc8bb69a1bbf01831","","2","","","https://img.evbuc.com/https%3A%2F%2Fcdn.evbuc.com%2Fimages%2F970774233%2F309258733797%2F1%2Foriginal.20250227-100859?auto=format%2Ccompress&q=75&sharp=10&s=e0b1a1f97a48e9a046814d63a3749aa4","2820","1410","False","","on_sale","EUR","","","","Europe/Paris","2025-01-02T16:30:00","2025-01-02T15:30:00Z","Europe/Paris","2025-03-28T00:00:00","2025-03-27T23:00:00Z","","1","c39ab5cc9ce509b4e571658668d5ae03","1","False","False","True","False","EUR","15.00","1500","15.00 EUR","EUR","15.00","1500","15.00 EUR","258002633","Choisy Business club","destination_venue","","","Choisy-le-Roi","FR","IDF","2.4060922","24 Avenue Léon Gourdault, 94600 Choisy-le-Roi","94600","24 Avenue Léon Gourdault","","48.76281179999999","Choisy-le-Roi","24 Avenue Léon Gourdault","21680458250","Bouge ta Boite","destination_profile","","organizer","5561","https://www.eventbrite.fr/o/bouge-ta-boite-21680458250","BougeTaBoite","","","","False","bougetaboitefdeb","","","","EventbriteSubCategory","EventbriteSubCategory/1001","Startups & Small Business","","","","2820","1410","0","0","3511959","Réunions Ile-de-France","live","event_group","/cc/reunions-ile-de-france-3511959","False","https://www.eventbrite.com/cc/reunions-ile-de-france-3511959","Découvrez l'expérience Bouge ta Boite en participant à nos réunions ouvertes à toutes et à tous !
Une occasion unique de réseauter et de découvrir la méthode Bouge ta Boite sur votre territoire","309258733797","823008319","21680458250","collection","reunions-ile-de-france","False","718486702067","","","","419","21","2","20","eyJwYWdlIjozfQ","","False","2948ac7a03f911f0b06b5efd4c30bac2","False","current_future","True","20","2","Destination/nightlife","nightlife","category"
"1088643906229","Hety Networking ""Réseauter pour s'élever"".","Europe/Paris","https://www.eventbrite.com/checkout-external?eid=1088643906229","Eventbrite","103431550941","1","","False","2025-03-29","16:00","destination_event","2025-03-29","1088643906229","14:00","","903304693","False","","243148373","widget","","fr-fr","https://www.eventbrite.com/e/billets-hety-networking-reseauter-pour-selever-1088643906229","False","Un événement unique pour apprendre, échanger et se ressourcer grâce à 4 coachs expertes dans un cadre convivial et inspirant.","False","1088643906229","2024-11-19T17:29:44Z","903304693","True","#ffffff","https://img.evbuc.com/https%3A%2F%2Fcdn.evbuc.com%2Fimages%2F903304693%2F2506055327181%2F1%2Foriginal.jpg?w=512&auto=format%2Ccompress&q=75&sharp=10&rect=0%2C0%2C2160%2C1080&s=129df83df59352703cc7d32dd4108dad","","2","","","https://img.evbuc.com/https%3A%2F%2Fcdn.evbuc.com%2Fimages%2F903304693%2F2506055327181%2F1%2Foriginal.jpg?auto=format%2Ccompress&q=75&sharp=10&s=7c547427eb454ea8f182eb71d115f727","2160","1080","False","","on_sale","EUR","","","","Europe/Paris","2024-11-19T00:00:00","2024-11-18T23:00:00Z","Europe/Paris","2025-03-29T14:00:00","2025-03-29T13:00:00Z","","1","69a8f2f529bc9fa3f0371bc0d2fdea04","0","False","False","True","False","EUR","22.51","2251","22.51 EUR","EUR","22.51","2251","22.51 EUR","243148373","Cocoon Louvre - Emile","destination_venue","","","Paris","FR","IDF","2.3426638","44 Rue du Louvre, 75001 Paris","75001","44 Rue du Louvre","","48.864144","Paris","44 Rue du Louvre","103431550941","HETY NETWORKING","destination_profile","","organizer","","https://www.eventbrite.com/o/hety-networking-103431550941","","","","","False","","","","","EventbriteSubCategory","EventbriteSubCategory/1010","Career","","","","2160","1080","0","0","","","","","","","","","","","","","","","","","","","419","21","2","20","eyJwYWdlIjozfQ","","False","2948ac7a03f911f0b06b5efd4c30bac2","False","current_future","True","20","2","Destination/nightlife","nightlife","category"
"*** STEVESIE DATA FREE TIER *** Limited to 10 rows per day *** Please wait until tomorrow to download more or upgrade today at the following URL:"
"https://stevesie.com/cloud/account/plan"
